{
  "fold_0": {
    "train_cases": [
      "80",
      "83",
      "42",
      "59",
      "24",
      "127",
      "18",
      "50",
      "111",
      "6",
      "68",
      "69",
      "60",
      "72",
      "99",
      "19",
      "8",
      "107",
      "13",
      "95",
      "22",
      "73",
      "0",
      "21",
      "55",
      "43",
      "3",
      "57",
      "75",
      "110",
      "85",
      "126",
      "63",
      "82",
      "7",
      "29",
      "62",
      "9",
      "112",
      "48",
      "1",
      "10",
      "65",
      "96",
      "81",
      "27",
      "70",
      "102",
      "94",
      "77",
      "122",
      "121",
      "35",
      "17",
      "30",
      "120",
      "20",
      "26",
      "25",
      "53",
      "67",
      "61",
      "23",
      "45",
      "78",
      "31",
      "52",
      "2",
      "37",
      "124",
      "54",
      "11",
      "108",
      "130",
      "4",
      "100",
      "76",
      "40",
      "16",
      "33",
      "101",
      "116",
      "98",
      "104",
      "44",
      "123",
      "88",
      "51",
      "64",
      "97",
      "39",
      "117",
      "28",
      "71",
      "47",
      "106",
      "91",
      "114",
      "105",
      "41",
      "87",
      "34",
      "89",
      "38"
    ],
    "val_cases": [
      "12",
      "36",
      "92",
      "103",
      "58",
      "66",
      "128",
      "113",
      "79",
      "46",
      "109",
      "86",
      "5",
      "49",
      "14",
      "74",
      "125",
      "15",
      "129",
      "118",
      "90",
      "93",
      "84",
      "56",
      "32",
      "115",
      "119"
    ],
    "train_count": 104,
    "val_count": 27,
    "val_mean_tumor_ratio": 0.003336,
    "train_mean_tumor_ratio": 0.002922
  },
  "fold_1": {
    "train_cases": [
      "12",
      "36",
      "92",
      "103",
      "58",
      "66",
      "128",
      "113",
      "79",
      "46",
      "109",
      "86",
      "5",
      "49",
      "14",
      "74",
      "125",
      "15",
      "13",
      "95",
      "22",
      "73",
      "0",
      "21",
      "55",
      "43",
      "3",
      "57",
      "75",
      "110",
      "85",
      "126",
      "63",
      "82",
      "7",
      "29",
      "62",
      "9",
      "112",
      "48",
      "1",
      "10",
      "65",
      "96",
      "81",
      "27",
      "70",
      "102",
      "94",
      "77",
      "122",
      "121",
      "35",
      "17",
      "30",
      "120",
      "20",
      "26",
      "25",
      "53",
      "67",
      "61",
      "23",
      "45",
      "78",
      "31",
      "52",
      "2",
      "37",
      "124",
      "54",
      "11",
      "129",
      "130",
      "4",
      "100",
      "118",
      "90",
      "93",
      "84",
      "56",
      "116",
      "98",
      "104",
      "44",
      "123",
      "88",
      "51",
      "64",
      "97",
      "39",
      "117",
      "28",
      "71",
      "32",
      "115",
      "119",
      "114",
      "105",
      "41",
      "87",
      "34",
      "89",
      "38"
    ],
    "val_cases": [
      "80",
      "83",
      "42",
      "59",
      "24",
      "127",
      "18",
      "50",
      "111",
      "6",
      "68",
      "69",
      "60",
      "72",
      "99",
      "19",
      "8",
      "107",
      "108",
      "76",
      "40",
      "16",
      "33",
      "101",
      "47",
      "106",
      "91"
    ],
    "train_count": 104,
    "val_count": 27,
    "val_mean_tumor_ratio": 0.003031,
    "train_mean_tumor_ratio": 0.003001
  },
  "fold_2": {
    "train_cases": [
      "12",
      "36",
      "92",
      "103",
      "58",
      "66",
      "128",
      "113",
      "79",
      "46",
      "109",
      "86",
      "5",
      "49",
      "14",
      "74",
      "125",
      "15",
      "80",
      "83",
      "42",
      "59",
      "24",
      "127",
      "18",
      "50",
      "111",
      "6",
      "68",
      "69",
      "60",
      "72",
      "99",
      "19",
      "8",
      "107",
      "62",
      "9",
      "112",
      "48",
      "1",
      "10",
      "65",
      "96",
      "81",
      "27",
      "70",
      "102",
      "94",
      "77",
      "122",
      "121",
      "35",
      "17",
      "30",
      "120",
      "20",
      "26",
      "25",
      "53",
      "67",
      "61",
      "23",
      "45",
      "78",
      "31",
      "52",
      "2",
      "37",
      "124",
      "54",
      "11",
      "129",
      "108",
      "4",
      "100",
      "118",
      "90",
      "93",
      "84",
      "56",
      "76",
      "40",
      "16",
      "33",
      "101",
      "88",
      "51",
      "64",
      "97",
      "39",
      "117",
      "28",
      "71",
      "32",
      "115",
      "119",
      "47",
      "106",
      "91",
      "87",
      "34",
      "89",
      "38"
    ],
    "val_cases": [
      "13",
      "95",
      "22",
      "73",
      "0",
      "21",
      "55",
      "43",
      "3",
      "57",
      "75",
      "110",
      "85",
      "126",
      "63",
      "82",
      "7",
      "29",
      "130",
      "116",
      "98",
      "104",
      "44",
      "123",
      "114",
      "105",
      "41"
    ],
    "train_count": 104,
    "val_count": 27,
    "val_mean_tumor_ratio": 0.002677,
    "train_mean_tumor_ratio": 0.003093
  },
  "fold_3": {
    "train_cases": [
      "12",
      "36",
      "92",
      "103",
      "58",
      "66",
      "128",
      "113",
      "79",
      "46",
      "109",
      "86",
      "5",
      "49",
      "14",
      "74",
      "125",
      "15",
      "80",
      "83",
      "42",
      "59",
      "24",
      "127",
      "18",
      "50",
      "111",
      "6",
      "68",
      "69",
      "60",
      "72",
      "99",
      "19",
      "8",
      "107",
      "13",
      "95",
      "22",
      "73",
      "0",
      "21",
      "55",
      "43",
      "3",
      "57",
      "75",
      "110",
      "85",
      "126",
      "63",
      "82",
      "7",
      "29",
      "30",
      "120",
      "20",
      "26",
      "25",
      "53",
      "67",
      "61",
      "23",
      "45",
      "78",
      "31",
      "52",
      "2",
      "37",
      "124",
      "54",
      "11",
      "129",
      "108",
      "130",
      "100",
      "118",
      "90",
      "93",
      "84",
      "56",
      "76",
      "40",
      "16",
      "33",
      "101",
      "116",
      "98",
      "104",
      "44",
      "123",
      "39",
      "117",
      "28",
      "71",
      "32",
      "115",
      "119",
      "47",
      "106",
      "91",
      "114",
      "105",
      "41",
      "89",
      "38"
    ],
    "val_cases": [
      "62",
      "9",
      "112",
      "48",
      "1",
      "10",
      "65",
      "96",
      "81",
      "27",
      "70",
      "102",
      "94",
      "77",
      "122",
      "121",
      "35",
      "17",
      "4",
      "88",
      "51",
      "64",
      "97",
      "87",
      "34"
    ],
    "train_count": 106,
    "val_count": 25,
    "val_mean_tumor_ratio": 0.002957,
    "train_mean_tumor_ratio": 0.003019
  },